Year,Argentina,Australia,Austria,Belgium,Brazil,Canada,Chile,China,Colombia,Croatia,Denmark,Egypt,Estonia,Finland,France,Germany,Greece,Hungary,India,Indonesia,Ireland,Israel,Italy,Japan,Jordan,Kenya,Kuwait,Lebanon,Lithuania,Malaysia,Mauritius,Mexico,Netherlands,New Zealand,Nigeria,North Macedonia,Norway,Pakistan,Peru,Portugal,Singapore,Slovenia,South Africa,South Korea,Spain,Sweden,Switzerland,Thailand,Tunisia,USA,United Kingdom,Vietnam
1982,0,0,0,0,0,0,0,0,0,0,0,0,0,0,0,0,0,0,0,0,0,0,0,0,0,0,0,0,0,0,0,0,0,0,0,0,0,0,0,0,0,0,0,0,0,0,0,0,0,3,0,0
1983,0,0,0,0,0,0,0,0,0,0,0,0,0,0,0,0,0,0,0,0,0,0,0,0,0,0,0,0,0,0,0,0,0,0,0,0,0,0,0,0,0,0,0,0,0,0,0,0,0,3,0,0
1984,0,0,0,0,0,0,0,0,0,0,0,0,0,0,0,0,0,0,0,0,0,0,0,0,0,0,0,0,0,0,0,0,0,0,0,0,0,0,0,0,0,0,0,0,0,0,0,0,0,16,2,0
1985,0,0,0,0,0,0,0,0,0,0,0,0,0,0,0,0,0,0,0,0,0,0,0,0,0,0,0,0,0,0,0,0,0,0,0,0,0,0,0,0,0,0,0,0,0,0,0,0,0,25,3,0
1986,0,0,0,0,0,0,0,0,0,0,0,0,0,0,0,0,0,0,0,0,0,0,0,0,0,0,0,0,0,0,0,0,0,0,0,0,0,0,0,0,0,0,0,0,0,0,0,0,0,15,0,0
1987,0,0,0,0,0,0,0,0,0,0,0,0,0,0,0,0,0,0,0,0,0,0,0,0,0,0,0,0,0,0,0,0,0,0,0,0,0,0,0,0,0,0,0,0,0,0,0,0,0,14,2,0
1988,0,0,0,0,0,0,0,1,0,0,0,0,0,0,0,0,0,0,0,0,0,0,0,0,0,0,0,0,0,0,0,0,0,0,0,0,0,0,0,0,0,0,0,0,0,0,0,0,0,28,0,0
1989,0,0,0,0,0,0,0,0,0,0,0,0,0,0,0,0,0,0,0,0,0,0,0,0,0,0,0,0,0,0,0,0,0,0,0,0,0,0,0,0,0,0,0,0,0,0,0,0,0,33,0,0
1990,0,0,0,0,0,0,0,1,0,0,0,0,0,0,0,0,0,0,0,0,0,0,0,0,0,0,0,0,0,0,0,0,0,0,0,0,0,0,0,0,0,0,0,0,0,0,0,0,0,23,2,0
1991,0,0,0,0,0,0,0,0,0,0,0,0,0,0,0,0,0,0,0,0,0,0,0,0,0,0,0,0,0,0,0,0,0,0,0,0,0,0,0,0,0,0,0,0,0,0,0,0,0,41,0,0
1992,0,0,0,0,0,0,0,0,0,0,0,0,0,0,0,0,0,0,0,0,0,0,0,0,0,0,0,0,0,0,0,0,0,0,0,0,0,0,0,0,0,0,0,0,0,0,0,0,0,27,4,0
1993,0,0,0,0,0,0,0,0,0,0,0,0,0,0,0,0,0,0,0,0,0,0,0,0,0,0,0,0,0,0,0,0,0,0,0,0,0,0,0,0,0,0,0,0,0,0,0,0,0,40,5,0
1994,0,0,0,0,0,0,0,0,0,0,0,0,0,0,0,0,0,0,0,0,0,0,0,0,0,0,0,0,0,0,0,0,0,0,0,0,0,0,0,0,0,0,0,0,0,0,0,0,0,43,3,0
1995,0,0,0,0,0,0,0,0,0,0,0,0,0,0,0,0,0,0,0,0,0,0,0,0,0,0,0,0,0,0,0,0,0,0,0,0,0,0,0,0,0,0,0,0,0,0,0,0,0,37,3,0
1996,0,0,0,0,0,0,0,0,0,0,0,0,0,0,0,0,0,0,0,0,0,0,0,0,0,0,0,0,0,0,0,0,0,0,0,0,0,0,0,0,0,0,0,0,0,0,0,0,0,39,1,0
1997,0,0,0,0,0,0,0,0,0,0,0,0,0,0,0,0,0,0,0,0,0,0,0,0,0,0,0,0,0,0,0,0,0,0,0,0,0,0,0,0,0,0,0,0,0,0,0,0,0,52,1,0
1998,0,8,0,1,0,7,0,3,0,0,2,0,0,2,0,1,0,0,0,0,0,5,0,0,0,0,0,0,0,0,0,0,3,4,0,0,1,0,0,0,0,0,2,1,1,0,2,0,0,135,9,0
1999,0,6,0,4,2,11,0,3,0,1,0,0,0,1,0,0,0,0,0,0,1,1,1,1,0,0,1,0,0,0,0,0,3,3,0,0,2,0,0,0,1,0,6,0,13,0,0,0,0,133,17,0
2000,0,16,0,1,0,3,0,3,0,0,0,0,1,1,1,2,0,0,0,0,0,0,0,2,0,0,1,0,0,0,0,1,12,5,0,0,0,0,0,0,2,0,1,0,6,1,0,1,0,156,17,0
2001,0,12,0,6,0,18,1,3,0,0,1,0,0,3,1,3,0,0,2,1,0,2,0,0,0,0,1,0,0,1,0,0,5,0,0,0,1,0,0,2,3,1,1,0,4,0,1,0,0,168,19,0
2002,0,11,2,0,2,26,0,7,1,0,1,0,2,0,2,1,0,0,2,0,0,0,2,1,0,0,0,0,0,0,0,3,8,2,0,0,3,0,0,0,1,0,8,0,10,0,1,0,0,190,14,0
2003,0,17,0,5,0,19,0,20,0,2,1,0,0,5,1,5,0,0,1,0,0,0,0,1,0,0,0,0,0,1,0,0,20,2,0,0,1,0,0,1,0,0,3,3,15,2,3,0,0,186,24,0
2004,0,10,0,5,0,28,0,6,0,0,0,0,0,4,2,0,0,0,1,0,0,6,2,1,0,0,0,0,0,0,0,0,27,2,0,0,5,0,0,1,2,0,2,0,8,1,1,0,0,227,26,0
2005,0,3,4,5,0,18,0,8,0,0,1,0,0,1,3,1,0,0,3,0,2,2,0,1,0,0,1,1,0,1,0,1,6,1,0,0,3,0,0,0,0,0,1,1,11,0,2,1,0,213,31,0
2006,1,17,1,5,1,26,0,4,0,0,0,1,3,3,3,6,0,0,0,0,2,2,3,0,0,2,1,0,0,0,0,0,9,2,0,0,3,0,0,2,1,0,2,0,12,4,5,0,0,162,25,0
2007,0,19,5,4,3,36,0,4,0,0,0,0,0,3,4,3,0,0,0,0,0,2,4,0,0,0,0,1,0,1,0,3,20,2,1,0,3,1,0,0,1,0,3,3,15,9,2,0,0,187,26,0
2008,0,24,3,16,2,49,0,19,0,0,3,4,3,6,4,11,3,0,6,2,5,3,4,1,1,0,2,1,1,3,0,0,18,0,0,0,4,0,0,3,5,0,4,10,25,3,4,1,0,328,57,0
2009,1,30,4,12,2,84,0,41,0,0,2,0,1,6,17,20,0,2,4,0,4,6,21,4,0,2,0,4,0,0,0,7,25,7,1,2,11,1,1,4,2,0,3,5,37,12,18,1,1,423,76,0
2010,0,30,1,6,3,67,4,29,1,0,5,0,0,14,30,15,3,0,5,0,6,3,9,1,0,0,0,5,0,4,0,2,36,4,0,0,6,0,2,12,0,1,2,10,23,9,9,1,1,285,66,1
2011,0,45,4,10,2,49,2,24,1,1,8,0,1,8,25,20,2,0,5,1,6,4,9,2,1,0,0,1,1,4,1,3,25,14,1,0,7,2,0,5,5,4,7,9,25,9,5,0,1,275,39,2
2012,0,30,3,12,2,46,0,23,1,0,1,0,0,5,14,17,0,1,2,0,1,0,7,0,0,0,0,0,0,2,1,1,22,6,0,1,1,1,0,6,0,0,2,9,29,1,7,0,0,214,58,0
2013,0,49,1,10,7,55,0,42,0,0,8,0,0,8,34,14,3,2,3,0,2,1,16,1,0,0,1,6,0,2,0,0,24,12,1,0,4,4,1,7,1,0,2,10,31,3,11,1,0,280,66,0
2014,0,63,8,15,2,47,0,42,1,1,10,0,2,5,34,28,0,1,7,1,2,2,5,1,0,0,0,1,1,4,0,3,21,4,0,0,5,2,0,8,2,2,1,14,31,5,8,0,0,213,53,1
2015,0,41,0,6,7,40,2,65,1,1,7,0,0,6,42,19,1,0,4,0,2,4,16,1,0,0,0,2,0,0,0,2,18,8,2,1,8,5,1,12,3,1,2,10,43,6,7,0,0,300,55,0
2016,0,46,3,17,0,72,1,75,1,0,12,1,0,5,41,29,1,0,6,0,1,2,7,0,0,0,0,0,4,1,1,1,24,5,3,0,7,2,0,3,8,4,2,8,28,7,6,0,4,210,98,1
2017,0,59,2,4,4,44,0,54,0,0,11,0,0,7,46,23,3,0,5,1,8,0,13,0,0,0,0,3,2,2,0,1,16,4,0,0,5,1,2,6,6,3,2,12,30,5,15,4,0,240,79,0
2018,3,78,6,9,6,75,0,107,2,0,12,4,0,19,53,33,2,3,8,1,2,3,27,2,0,0,0,1,0,4,0,6,32,11,4,2,1,3,0,15,10,4,5,26,37,5,9,3,1,327,91,5
2019,1,65,6,16,1,72,1,92,2,0,8,5,0,10,76,53,1,0,12,5,6,3,15,0,3,0,0,1,0,4,0,3,20,10,0,0,6,3,0,4,6,3,5,10,34,5,10,0,0,356,124,0
2020,0,53,0,11,8,38,1,65,0,0,8,0,0,7,44,55,4,0,14,0,7,1,13,1,2,0,0,3,0,4,0,2,29,6,0,0,2,8,0,4,7,2,9,2,29,9,13,2,0,200,118,2
2021,4,45,3,13,11,39,0,59,2,0,10,1,0,10,45,21,2,0,7,5,5,0,20,0,1,0,0,4,0,1,0,3,15,17,1,0,9,4,0,12,5,4,2,4,18,5,8,0,3,226,118,1
2022,0,46,0,7,6,41,0,97,3,0,12,2,0,12,41,26,3,0,21,1,6,2,19,1,0,0,1,2,1,5,0,3,21,12,1,0,4,4,0,3,7,2,2,14,13,15,12,2,0,224,68,2
2023,2,30,2,8,0,20,0,99,1,0,4,3,0,12,30,22,1,0,2,2,5,3,6,2,1,0,0,3,0,2,0,1,16,3,1,0,5,6,0,4,7,0,5,4,7,3,10,0,0,142,49,1
